Date,Ticker,Open,High,Low,Close,Adj Close,Volume
2025-04-01,AAPL,219.80999755859375,223.67999267578125,218.89999389648438,223.19000244140625,222.64501953125,36412700
2025-04-02,AAPL,221.32000732421875,225.19000244140625,221.02000427246094,223.88999938964844,223.3433074951172,35905900
2025-04-03,AAPL,205.5399932861328,207.49000549316406,201.25,203.19000244140625,202.69386291503906,103419000
2025-04-04,AAPL,193.88999938964844,199.8800048828125,187.33999633789062,188.3800048828125,187.92002868652344,125910900
2025-04-07,AAPL,177.1999969482422,194.14999389648438,174.6199951171875,181.4600067138672,181.0169219970703,160466300
2025-04-08,AAPL,186.6999969482422,190.33999633789062,169.2100067138672,172.4199981689453,171.99899291992188,120859500
2025-04-09,AAPL,171.9499969482422,200.61000061035156,171.88999938964844,198.85000610351562,198.3644561767578,184395900
2025-04-10,AAPL,189.07000732421875,194.77999877929688,183.0,190.4199981689453,189.95504760742188,121880000
2025-04-11,AAPL,186.10000610351562,199.5399932861328,186.05999755859375,198.14999389648438,197.66615295410156,87435900
2025-04-14,AAPL,211.44000244140625,212.94000244140625,201.16000366210938,202.52000427246094,202.02549743652344,101352900
2025-04-15,AAPL,201.86000061035156,203.50999450683594,199.8000030517578,202.13999938964844,201.64642333984375,51343900
2025-04-16,AAPL,198.36000061035156,200.6999969482422,192.3699951171875,194.27000427246094,193.79563903808594,59732400
2025-04-17,AAPL,197.1999969482422,198.8300018310547,194.4199981689453,196.97999572753906,196.4990234375,52164700
2025-04-21,AAPL,193.27000427246094,193.8000030517578,189.80999755859375,193.16000366210938,192.68833923339844,46742500
2025-04-22,AAPL,196.1199951171875,201.58999633789062,195.97000122070312,199.74000549316406,199.25228881835938,52976400
2025-04-23,AAPL,206.0,208.0,202.8000030517578,204.60000610351562,204.10043334960938,52929200
2025-04-24,AAPL,204.88999938964844,208.8300018310547,202.94000244140625,208.3699951171875,207.8612060546875,47311000
2025-04-25,AAPL,206.3699951171875,209.75,206.1999969482422,209.27999877929688,208.76898193359375,38222300
2025-04-28,AAPL,210.0,211.5,207.4600067138672,210.13999938964844,209.62689208984375,38743100
2025-04-29,AAPL,208.69000244140625,212.24000549316406,208.3699951171875,211.2100067138672,210.69427490234375,36827600
2025-04-01,ABBV,210.52000427246094,212.14999389648438,205.60000610351562,206.27000427246094,201.18075561523438,7853200
2025-04-02,ABBV,207.22000122070312,207.22000122070312,200.33999633789062,205.19000244140625,200.1273956298828,9262800
2025-04-03,ABBV,210.3000030517578,210.69000244140625,201.24000549316406,201.63999938964844,196.66497802734375,7593100
2025-04-04,ABBV,200.0,200.0,186.1699981689453,186.9600067138672,182.34718322753906,13505200
2025-04-07,ABBV,181.02999877929688,188.1999969482422,176.27999877929688,186.5500030517578,181.94729614257812,12581100
2025-04-08,ABBV,187.60000610351562,188.38999938964844,172.32000732421875,175.6699981689453,171.33572387695312,12517100
2025-04-09,ABBV,168.3000030517578,180.60000610351562,164.38999938964844,179.83999633789062,175.40283203125,18977800
2025-04-10,ABBV,177.75,178.0,164.97000122070312,174.1999969482422,169.90199279785156,13970000
2025-04-11,ABBV,173.80999755859375,176.97000122070312,169.3300018310547,175.0500030517578,170.7310333251953,9047700
2025-04-14,ABBV,177.44000244140625,180.19000244140625,176.1999969482422,179.10000610351562,174.6811065673828,7164400
2025-04-15,ABBV,177.6999969482422,180.5,176.30999755859375,176.8000030517578,174.03143310546875,8078500
2025-04-16,ABBV,176.52999877929688,176.85000610351562,169.75,171.67999267578125,168.99160766601562,9459300
2025-04-17,ABBV,172.57000732421875,175.1999969482422,171.91000366210938,172.99000549316406,170.28109741210938,8998100
2025-04-21,ABBV,173.47000122070312,174.1699981689453,168.5399932861328,170.16000366210938,167.49542236328125,7364600
2025-04-22,ABBV,171.0800018310547,174.66000366210938,170.91000366210938,173.77999877929688,171.0587158203125,6191900
2025-04-23,ABBV,175.0,178.14999389648438,174.39999389648438,177.0500030517578,174.27752685546875,7119700
2025-04-24,ABBV,177.61000061035156,181.49000549316406,176.11000061035156,180.3699951171875,177.5455322265625,8789400
2025-04-25,ABBV,187.1199951171875,188.6999969482422,179.99000549316406,186.05999755859375,183.14642333984375,10482100
2025-04-28,ABBV,188.0,193.1199951171875,187.63999938964844,192.33999633789062,189.3280792236328,10408000
2025-04-29,ABBV,192.58999633789062,195.5399932861328,190.5800018310547,193.50999450683594,190.47976684570312,6671400
2025-04-01,AMZN,187.86000061035156,193.92999267578125,187.1999969482422,192.1699981689453,192.1699981689453,41267300
2025-04-02,AMZN,187.66000366210938,198.33999633789062,187.66000366210938,196.00999450683594,196.00999450683594,53679200
2025-04-03,AMZN,183.0,184.1300048828125,176.9199981689453,178.41000366210938,178.41000366210938,95553600
2025-04-04,AMZN,167.14999389648438,178.13999938964844,166.0,171.0,171.0,123159400
2025-04-07,AMZN,162.0,183.41000366210938,161.3800048828125,175.25999450683594,175.25999450683594,109327100
2025-04-08,AMZN,185.22999572753906,185.89999389648438,168.57000732421875,170.66000366210938,170.66000366210938,87710400
2025-04-09,AMZN,172.1199951171875,192.64999389648438,169.92999267578125,191.10000610351562,191.10000610351562,116804300
2025-04-10,AMZN,185.44000244140625,186.8699951171875,175.85000610351562,181.22000122070312,181.22000122070312,68302000
2025-04-11,AMZN,179.92999267578125,185.86000061035156,178.0,184.8699951171875,184.8699951171875,50594300
2025-04-14,AMZN,186.83999633789062,187.44000244140625,179.22999572753906,182.1199951171875,182.1199951171875,48002500
2025-04-15,AMZN,181.41000366210938,182.35000610351562,177.92999267578125,179.58999633789062,179.58999633789062,43642000
2025-04-16,AMZN,176.2899932861328,179.10000610351562,171.41000366210938,174.3300018310547,174.3300018310547,51875300
2025-04-17,AMZN,176.0,176.2100067138672,172.0,172.61000061035156,172.61000061035156,44726500
2025-04-21,AMZN,169.60000610351562,169.60000610351562,165.2899932861328,167.32000732421875,167.32000732421875,48126100
2025-04-22,AMZN,169.85000610351562,176.77999877929688,169.35000610351562,173.17999267578125,173.17999267578125,56607200
2025-04-23,AMZN,183.4499969482422,187.3800048828125,180.19000244140625,180.60000610351562,180.60000610351562,63470100
2025-04-24,AMZN,180.9199981689453,186.74000549316406,180.17999267578125,186.5399932861328,186.5399932861328,43763200
2025-04-25,AMZN,187.6199951171875,189.94000244140625,185.49000549316406,188.99000549316406,188.99000549316406,36414300
2025-04-28,AMZN,190.11000061035156,190.22000122070312,184.88999938964844,187.6999969482422,187.6999969482422,33224700
2025-04-29,AMZN,183.99000549316406,188.02000427246094,183.67999267578125,187.38999938964844,187.38999938964844,41667300
2025-04-01,AVGO,166.3699951171875,168.7100067138672,163.4199981689453,168.52000427246094,167.8367156982422,20472400
2025-04-02,AVGO,166.0800018310547,173.42999267578125,165.5,172.08999633789062,171.39224243164062,19523700
2025-04-03,AVGO,160.5399932861328,163.42999267578125,153.6999969482422,154.00999450683594,153.3855438232422,44354900
2025-04-04,AVGO,148.1699981689453,152.8000030517578,139.1699981689453,146.2899932861328,145.69683837890625,72302200
2025-04-07,AVGO,144.49000549316406,160.42999267578125,138.10000610351562,154.13999938964844,153.5150146484375,68503500
2025-04-08,AVGO,167.6199951171875,169.77999877929688,153.08999633789062,156.02999877929688,155.39735412597656,58888200
2025-04-09,AVGO,160.5,187.3300018310547,157.50999450683594,185.14999389648438,184.3992919921875,72708300
2025-04-10,AVGO,175.3000030517578,176.9499969482422,166.39999389648438,172.3000030517578,171.60140991210938,51212200
2025-04-11,AVGO,173.6199951171875,182.66000366210938,173.30999755859375,181.94000244140625,181.2023162841797,33964100
2025-04-14,AVGO,185.0800018310547,186.0,175.82000732421875,178.36000061035156,177.63682556152344,25748300
2025-04-15,AVGO,179.72999572753906,182.25999450683594,178.0800018310547,178.9499969482422,178.22442626953125,17242400
2025-04-16,AVGO,170.42999267578125,176.0800018310547,166.9199981689453,174.61000061035156,173.9020233154297,34638600
2025-04-17,AVGO,176.25,176.25,169.9199981689453,170.99000549316406,170.2967071533203,22501800
2025-04-21,AVGO,166.99000549316406,168.0,161.61000061035156,166.2100067138672,165.53610229492188,23469800
2025-04-22,AVGO,167.42999267578125,170.52000427246094,165.22000122070312,169.5800018310547,168.89242553710938,18504900
2025-04-23,AVGO,177.77999877929688,180.4499969482422,175.82000732421875,176.91000366210938,176.1927032470703,24380500
2025-04-24,AVGO,179.69000244140625,188.57000732421875,178.3000030517578,188.14999389648438,187.38711547851562,27576900
2025-04-25,AVGO,186.9199981689453,193.3699951171875,186.88999938964844,192.30999755859375,191.53025817871094,21242300
2025-04-28,AVGO,190.52999877929688,193.10000610351562,187.67999267578125,192.47000122070312,191.6896209716797,16385800
2025-04-29,AVGO,191.72000122070312,193.25,190.10000610351562,191.1699981689453,190.39488220214844,14630000
2025-04-01,BAC,41.31999969482422,41.70000076293945,40.970001220703125,41.4900016784668,41.01877975463867,25578500
2025-04-02,BAC,40.880001068115234,41.970001220703125,40.81999969482422,41.849998474121094,41.37468719482422,28216100
2025-04-03,BAC,38.630001068115234,38.84000015258789,37.02000045776367,37.220001220703125,36.79727554321289,115497900
2025-04-04,BAC,35.290000915527344,35.790000915527344,33.66999816894531,34.38999938964844,33.99941635131836,107761200
2025-04-07,BAC,34.970001220703125,36.630001068115234,33.540000915527344,35.58000183105469,35.175899505615234,137329100
2025-04-08,BAC,36.86000061035156,37.33000183105469,34.33000183105469,35.029998779296875,34.632144927978516,79116300
2025-04-09,BAC,34.04999923706055,37.849998474121094,33.06999969482422,37.150001525878906,36.72806930541992,161173500
2025-04-10,BAC,36.31999969482422,36.400001525878906,34.630001068115234,35.849998474121094,35.442832946777344,90451800
2025-04-11,BAC,35.20000076293945,36.22999954223633,34.810001373291016,35.95000076293945,35.54169845581055,63671900
2025-04-14,BAC,36.4900016784668,36.9900016784668,36.27000045776367,36.66999816894531,36.253517150878906,46830600
2025-04-15,BAC,37.79999923706055,38.75,37.79999923706055,37.9900016784668,37.558528900146484,84677800
2025-04-16,BAC,37.86000061035156,38.15999984741211,36.970001220703125,37.33000183105469,36.90602493286133,52872700
2025-04-17,BAC,37.5099983215332,37.869998931884766,37.2400016784668,37.40999984741211,36.98511505126953,47144400
2025-04-21,BAC,37.06999969482422,37.279998779296875,36.4900016784668,36.91999816894531,36.50067901611328,34928300
2025-04-22,BAC,37.56999969482422,38.4900016784668,37.400001525878906,38.31999969482422,37.8847770690918,42288900
2025-04-23,BAC,39.40999984741211,40.130001068115234,38.66999816894531,38.75,38.30989456176758,54428400
2025-04-24,BAC,38.65999984741211,39.70000076293945,38.599998474121094,39.58000183105469,39.130470275878906,42457100
2025-04-25,BAC,39.540000915527344,39.790000915527344,39.31999969482422,39.689998626708984,39.23921585083008,32694200
2025-04-28,BAC,39.79999923706055,40.08000183105469,39.459999084472656,39.779998779296875,39.32819747924805,37428000
2025-04-29,BAC,39.630001068115234,40.13999938964844,39.47999954223633,39.9900016784668,39.53581619262695,33792500
2025-04-01,COST,942.4199829101562,957.719970703125,938.75,954.4000244140625,950.4947509765625,2041500
2025-04-02,COST,950.8400268554688,970.8900146484375,950.0,965.0800170898438,961.131103515625,1719900
2025-04-03,COST,931.0800170898438,981.3499755859375,928.0,967.0800170898438,963.1228637695312,3096900
2025-04-04,COST,955.0,964.52001953125,914.1400146484375,916.47998046875,912.7298583984375,5167000
2025-04-07,COST,887.75,937.8200073242188,871.7100219726562,908.1300048828125,904.4140014648438,4626600
2025-04-08,COST,932.0499877929688,942.989990234375,899.5700073242188,908.75,905.031494140625,3545400
2025-04-09,COST,908.0,967.4600219726562,897.6699829101562,965.1900024414062,961.2405395507812,5084500
2025-04-10,COST,966.5,993.4099731445312,942.8900146484375,964.3099975585938,960.3641357421875,4209100
2025-04-11,COST,963.9600219726562,970.2100219726562,943.1599731445312,963.4099731445312,959.4677734375,2721800
2025-04-14,COST,970.0,987.1300048828125,965.0,979.3200073242188,975.312744140625,2219900
2025-04-15,COST,985.3499755859375,994.0,974.25,976.9199829101562,972.9225463867188,1788200
2025-04-16,COST,972.1300048828125,978.6500244140625,959.239990234375,967.75,963.7901000976562,2531700
2025-04-17,COST,973.280029296875,999.9199829101562,971.989990234375,994.5,990.4306640625,2711100
2025-04-21,COST,993.0,996.989990234375,942.969970703125,957.77001953125,953.8508911132812,2841300
2025-04-22,COST,969.75,987.4500122070312,966.780029296875,979.22998046875,975.2230834960938,2230600
2025-04-23,COST,994.52001953125,995.75,969.0,975.8400268554688,971.8470458984375,2109700
2025-04-24,COST,973.5999755859375,978.0,960.7100219726562,975.47998046875,971.4884643554688,2468500
2025-04-25,COST,973.969970703125,978.3200073242188,962.8800048828125,977.1599731445312,973.1615600585938,1780900
2025-04-28,COST,978.5,985.2999877929688,968.780029296875,978.5399780273438,974.535888671875,1616200
2025-04-29,COST,978.0,993.2100219726562,971.0599975585938,991.7000122070312,987.64208984375,1523100
2025-04-01,GE,199.55999755859375,204.5,198.47000122070312,203.7899932861328,203.24447631835938,3854000
2025-04-02,GE,199.47999572753906,202.19000244140625,198.42999267578125,199.77000427246094,199.23524475097656,6026500
2025-04-03,GE,189.83999633789062,194.14999389648438,186.72000122070312,187.6300048828125,187.12774658203125,12750500
2025-04-04,GE,179.67999267578125,183.16000366210938,165.4199981689453,166.80999755859375,166.36346435546875,18167100
2025-04-07,GE,163.2100067138672,175.33999633789062,159.36000061035156,167.6999969482422,167.25108337402344,18545500
2025-04-08,GE,176.0,178.35000610351562,166.36000061035156,169.3699951171875,168.9166259765625,11903400
2025-04-09,GE,165.80999755859375,189.11000061035156,165.6999969482422,187.27000427246094,186.76870727539062,12548600
2025-04-10,GE,181.89999389648438,185.41000366210938,175.9600067138672,181.50999450683594,181.0241241455078,8150900
2025-04-11,GE,179.00999450683594,184.25,175.0500030517578,181.6699981689453,181.18370056152344,6491100
2025-04-14,GE,185.35000610351562,187.61000061035156,183.8300018310547,186.0,185.50210571289062,5319100
2025-04-15,GE,183.8800048828125,188.44000244140625,182.2899932861328,185.6699981689453,185.17298889160156,4999300
2025-04-16,GE,184.07000732421875,185.8800048828125,181.27999877929688,182.4499969482422,181.96160888671875,5128000
2025-04-17,GE,183.38999938964844,184.24000549316406,181.58999633789062,181.7899932861328,181.30335998535156,4932000
2025-04-21,GE,179.2899932861328,180.7899932861328,176.02000427246094,178.35000610351562,177.87258911132812,8501600
2025-04-22,GE,186.5,190.0,182.10000610351562,189.17999267578125,188.673583984375,13041000
2025-04-23,GE,195.94000244140625,197.02999877929688,192.57000732421875,193.67999267578125,193.16152954101562,7235700
2025-04-24,GE,194.3300018310547,197.6999969482422,194.0500030517578,197.41000366210938,196.88156127929688,5906300
2025-04-25,GE,198.6999969482422,199.99000549316406,197.25999450683594,198.42999267578125,197.89881896972656,4390600
2025-04-28,GE,199.5,201.47999572753906,198.60000610351562,200.86000061035156,200.32232666015625,3416900
2025-04-29,GE,200.49000549316406,202.42999267578125,199.64999389648438,200.5,199.96328735351562,3444200
2025-04-01,GOOGL,153.6199951171875,158.10000610351562,153.6199951171875,157.07000732421875,156.73989868164062,30672900
2025-04-02,GOOGL,155.14999389648438,158.41000366210938,154.6999969482422,157.0399932861328,156.70994567871094,25041700
2025-04-03,GOOGL,151.11000061035156,152.77999877929688,150.38999938964844,150.72000122070312,150.4032440185547,46883400
2025-04-04,GOOGL,148.00999450683594,151.07000732421875,145.3800048828125,145.60000610351562,145.29400634765625,62259500
2025-04-07,GOOGL,141.5500030517578,152.85000610351562,140.52999877929688,146.75,146.4415740966797,76794100
2025-04-08,GOOGL,151.22000122070312,152.24000549316406,143.02999877929688,144.6999969482422,144.39588928222656,52200200
2025-04-09,GOOGL,144.4199981689453,159.5500030517578,143.91000366210938,158.7100067138672,158.37644958496094,70406200
2025-04-10,GOOGL,156.5399932861328,157.72000122070312,149.92999267578125,152.82000732421875,152.4988250732422,48022000
2025-04-11,GOOGL,152.89999389648438,157.6699981689453,152.82000732421875,157.13999938964844,156.80975341796875,33636200
2025-04-14,GOOGL,160.0,161.72000122070312,157.55999755859375,159.07000732421875,158.73570251464844,30333000
2025-04-15,GOOGL,159.1300048828125,159.64999389648438,155.2100067138672,156.30999755859375,155.9814910888672,27551500
2025-04-16,GOOGL,153.10000610351562,155.88999938964844,151.50999450683594,153.3300018310547,153.00775146484375,28187400
2025-04-17,GOOGL,154.2899932861328,154.67999267578125,148.5,151.16000366210938,150.84231567382812,33046600
2025-04-21,GOOGL,148.8800048828125,148.9499969482422,146.10000610351562,147.6699981689453,147.35964965820312,26049100
2025-04-22,GOOGL,148.88999938964844,152.19000244140625,148.5399932861328,151.47000122070312,151.1516571044922,26971800
2025-04-23,GOOGL,155.61000061035156,157.52999877929688,153.80999755859375,155.35000610351562,155.0235137939453,31128800
2025-04-24,GOOGL,156.14999389648438,159.58999633789062,155.7899932861328,159.27999877929688,158.9452362060547,45894000
2025-04-25,GOOGL,165.07000732421875,166.10000610351562,161.0399932861328,161.9600067138672,161.61962890625,56034000
2025-04-28,GOOGL,162.42999267578125,163.14999389648438,158.60000610351562,160.61000061035156,160.2724609375,29745800
2025-04-29,GOOGL,160.32000732421875,160.74000549316406,157.52000427246094,160.16000366210938,159.8234100341797,26809000
2025-04-01,HD,364.1400146484375,367.2900085449219,361.9200134277344,365.5199890136719,361.2132263183594,2801600
2025-04-02,HD,362.55999755859375,372.30999755859375,362.260009765625,370.8900146484375,366.51995849609375,3189500
2025-04-03,HD,355.7799987792969,360.0400085449219,351.7099914550781,355.9100036621094,351.7164611816406,5407100
2025-04-04,HD,350.7099914550781,365.44000244140625,349.0400085449219,353.8999938964844,349.7301025390625,7531100
2025-04-07,HD,344.29998779296875,354.2200012207031,333.5,341.510009765625,337.48614501953125,6950500
2025-04-08,HD,350.3800048828125,354.0,329.739990234375,335.239990234375,331.28997802734375,4868000
2025-04-09,HD,328.6000061035156,356.0400085449219,326.30999755859375,355.3900146484375,351.2026062011719,6793000
2025-04-10,HD,352.8500061035156,355.2900085449219,339.6600036621094,353.6199951171875,349.45343017578125,5574800
2025-04-11,HD,350.30999755859375,354.4700012207031,344.20001220703125,353.8599853515625,349.69061279296875,3576400
2025-04-14,HD,357.79998779296875,359.0199890136719,353.6000061035156,357.20001220703125,352.99127197265625,2841800
2025-04-15,HD,356.55999755859375,361.44000244140625,353.32000732421875,354.1099853515625,349.9376525878906,2883100
2025-04-16,HD,351.8399963378906,353.79998779296875,344.32000732421875,345.989990234375,341.913330078125,2637200
2025-04-17,HD,348.54998779296875,357.5,348.3699951171875,355.05999755859375,350.87646484375,3232400
2025-04-21,HD,354.2900085449219,354.3599853515625,341.79998779296875,346.8999938964844,342.8125915527344,4015200
2025-04-22,HD,351.1600036621094,356.2200012207031,350.4200134277344,354.42999267578125,350.2538757324219,2802400
2025-04-23,HD,361.9200134277344,364.8399963378906,354.8500061035156,356.4200134277344,352.2204284667969,3283300
2025-04-24,HD,356.5,360.3999938964844,354.6099853515625,359.6400146484375,355.40252685546875,2749500
2025-04-25,HD,357.70001220703125,359.0,354.739990234375,357.5799865722656,353.36676025390625,2811300
2025-04-28,HD,357.989990234375,360.1000061035156,354.510009765625,356.9200134277344,352.7145690917969,2413000
2025-04-29,HD,355.8900146484375,360.5799865722656,354.7300109863281,359.0,354.77001953125,2836900
2025-04-01,JNJ,160.72999572753906,161.80999755859375,153.1300048828125,153.25,150.84019470214844,23303100
2025-04-02,JNJ,154.00999450683594,155.7899932861328,153.4499969482422,155.36000061035156,152.91700744628906,10356900
2025-04-03,JNJ,158.75,160.64999389648438,157.47999572753906,159.82000732421875,157.306884765625,13249300
2025-04-04,JNJ,159.16000366210938,159.82000732421875,152.92999267578125,153.24000549316406,150.83035278320312,16601700
2025-04-07,JNJ,151.27999877929688,152.7100067138672,147.39999389648438,150.6199951171875,148.2515411376953,18083000
2025-04-08,JNJ,153.58999633789062,153.58999633789062,148.0,150.0,147.64129638671875,12018400
2025-04-09,JNJ,142.1999969482422,153.19000244140625,141.5,150.97000122070312,148.59605407714844,18773700
2025-04-10,JNJ,150.3699951171875,151.1999969482422,145.1300048828125,148.69000244140625,146.35189819335938,13830500
2025-04-11,JNJ,149.3300018310547,152.35000610351562,148.19000244140625,151.72999572753906,149.34408569335938,9943900
2025-04-14,JNJ,151.58999633789062,154.6699981689453,151.1699981689453,154.36000061035156,151.9327392578125,10685300
2025-04-15,JNJ,155.6999969482422,156.3000030517578,152.10000610351562,153.6199951171875,151.20436096191406,10847700
2025-04-16,JNJ,155.3699951171875,155.6300048828125,152.24000549316406,153.91000366210938,151.4898223876953,7986900
2025-04-17,JNJ,154.16000366210938,159.44000244140625,154.16000366210938,157.47000122070312,154.99383544921875,10981100
2025-04-21,JNJ,157.9600067138672,158.22999572753906,155.49000549316406,156.9199981689453,154.4524688720703,6285400
2025-04-22,JNJ,157.5500030517578,158.72000122070312,156.25999450683594,157.75,155.26942443847656,7136300
2025-04-23,JNJ,156.49000549316406,157.10000610351562,154.3300018310547,155.3800048828125,152.93670654296875,9099400
2025-04-24,JNJ,155.8000030517578,155.89999389648438,153.44000244140625,154.92999267578125,152.49375915527344,8310400
2025-04-25,JNJ,154.32000732421875,154.89999389648438,152.4499969482422,154.5800018310547,152.14927673339844,8643600
2025-04-28,JNJ,155.5,155.80999755859375,153.82000732421875,155.35000610351562,152.9071807861328,5815200
2025-04-29,JNJ,155.4499969482422,157.02000427246094,154.2899932861328,155.91000366210938,153.45835876464844,5246700
2025-04-01,JPM,242.6199951171875,245.69000244140625,240.8800048828125,243.66000366210938,239.84121704101562,8054700
2025-04-02,JPM,241.60000610351562,247.25,241.4600067138672,245.82000732421875,241.96739196777344,7758800
2025-04-03,JPM,234.27000427246094,235.13999938964844,227.3000030517578,228.69000244140625,225.1058349609375,17188500
2025-04-04,JPM,215.30999755859375,217.6999969482422,208.92999267578125,210.27999877929688,208.25929260253906,27170700
2025-04-07,JPM,205.77000427246094,222.0500030517578,202.16000366210938,214.44000244140625,212.37933349609375,22914400
2025-04-08,JPM,223.52000427246094,227.83999633789062,213.25,216.8699951171875,214.7859649658203,19485700
2025-04-09,JPM,212.5,237.47999572753906,211.0,234.33999633789062,232.0880889892578,24022400
2025-04-10,JPM,230.0,230.35000610351562,220.10000610351562,227.11000061035156,224.92758178710938,18896400
2025-04-11,JPM,226.30999755859375,238.5800018310547,225.0,236.1999969482422,233.93020629882812,20284500
2025-04-14,JPM,237.10000610351562,239.77999877929688,233.6300048828125,234.72000122070312,232.4644317626953,13017800
2025-04-15,JPM,236.10000610351562,238.64999389648438,232.82000732421875,233.1300048828125,230.8897247314453,10912900
2025-04-16,JPM,232.0,233.5800018310547,227.92999267578125,229.61000061035156,227.40354919433594,9322300
2025-04-17,JPM,230.8000030517578,234.33999633789062,230.5500030517578,231.9600067138672,229.73097229003906,9557900
2025-04-21,JPM,230.6300048828125,231.80999755859375,226.33999633789062,228.99000549316406,226.7895050048828,8716200
2025-04-22,JPM,231.97999572753906,235.99000549316406,231.3699951171875,235.58999633789062,233.32608032226562,10701400
2025-04-23,JPM,240.22000122070312,246.7899932861328,240.0,240.8800048828125,238.56524658203125,14126800
2025-04-24,JPM,239.74000549316406,245.47000122070312,237.5800018310547,244.63999938964844,242.2891082763672,9055200
2025-04-25,JPM,244.64999389648438,245.6199951171875,241.75,243.5500030517578,241.2095947265625,8588600
2025-04-28,JPM,244.55999755859375,246.83999633789062,240.83999633789062,243.22000122070312,240.8827667236328,7394300
2025-04-29,JPM,242.19000244140625,245.25,241.69000244140625,244.6199951171875,242.26930236816406,7216800
2025-04-01,LLY,818.5999755859375,820.6599731445312,797.0,805.22998046875,801.8217163085938,2987700
2025-04-02,LLY,795.0399780273438,819.8499755859375,795.0399780273438,818.219970703125,814.7567138671875,2683800
2025-04-03,LLY,810.510009765625,818.7899780273438,787.0599975585938,789.0900268554688,785.7500610351562,2675100
2025-04-04,LLY,762.1099853515625,768.27001953125,734.7000122070312,738.2100219726562,735.0853881835938,5299400
2025-04-07,LLY,697.9299926757812,748.0,677.0900268554688,723.72998046875,720.6666259765625,6274400
2025-04-08,LLY,754.97998046875,763.5,713.280029296875,726.239990234375,723.166015625,4115200
2025-04-09,LLY,704.4000244140625,754.8300170898438,689.0,753.7100219726562,750.5198364257812,6619000
2025-04-10,LLY,738.9000244140625,741.9500122070312,691.77001953125,720.9099731445312,717.8585815429688,4182700
2025-04-11,LLY,722.8900146484375,735.8400268554688,711.97998046875,732.4099731445312,729.3099365234375,3603400
2025-04-14,LLY,750.4500122070312,759.5599975585938,734.52001953125,754.3499755859375,751.1570434570312,3461200
2025-04-15,LLY,755.5700073242188,765.3099975585938,751.489990234375,757.1799926757812,753.9750366210938,2458100
2025-04-16,LLY,755.6400146484375,756.2999877929688,730.3400268554688,734.9000244140625,731.7894287109375,3302600
2025-04-17,LLY,840.7999877929688,858.0,821.8400268554688,839.9600219726562,836.4047241210938,10853400
2025-04-21,LLY,841.510009765625,843.9099731445312,807.0,818.02001953125,814.5575561523438,3326600
2025-04-22,LLY,821.8800048828125,832.0,814.0,827.5399780273438,824.0372314453125,3086500
2025-04-23,LLY,836.9600219726562,846.010009765625,818.6400146484375,829.4199829101562,825.9093017578125,2714600
2025-04-24,LLY,836.0,862.25,829.2100219726562,859.72998046875,856.0910034179688,2939500
2025-04-25,LLY,859.6599731445312,885.5800170898438,851.0700073242188,884.5399780273438,880.7960205078125,3398900
2025-04-28,LLY,870.4400024414062,882.25,864.4099731445312,877.2899780273438,873.57666015625,3457600
2025-04-29,LLY,877.7000122070312,892.469970703125,874.030029296875,885.2000122070312,881.4532470703125,2454400
2025-04-01,MA,546.7999877929688,551.1500244140625,544.0,548.510009765625,546.1803588867188,2714900
2025-04-02,MA,542.8599853515625,549.530029296875,541.6500244140625,547.3800048828125,545.0551147460938,2994600
2025-04-03,MA,528.4199829101562,539.989990234375,527.0,530.5499877929688,528.2965698242188,3443500
2025-04-04,MA,519.6199951171875,520.8800048828125,488.2900085449219,489.7699890136719,487.6898193359375,6125100
2025-04-07,MA,478.5,502.20001220703125,465.5899963378906,485.5199890136719,483.4578552246094,6009400
2025-04-08,MA,501.0,505.57000732421875,471.6600036621094,479.9200134277344,477.8816833496094,3555400
2025-04-09,MA,470.1099853515625,518.510009765625,470.0,515.4299926757812,514.0548706054688,4698400
2025-04-10,MA,506.8299865722656,508.6300048828125,484.1300048828125,499.3399963378906,498.0078125,4105300
2025-04-11,MA,498.260009765625,515.9099731445312,495.9100036621094,509.75,508.3900146484375,3736200
2025-04-14,MA,515.8699951171875,523.4199829101562,508.5,512.4600219726562,511.09283447265625,3005500
2025-04-15,MA,513.4000244140625,521.2899780273438,513.3800048828125,517.3800048828125,515.9996948242188,2210700
2025-04-16,MA,516.0499877929688,521.719970703125,509.8699951171875,513.4299926757812,512.0601806640625,2501000
2025-04-17,MA,510.95001220703125,523.97998046875,509.1300048828125,517.3300170898438,515.9498291015625,3329800
2025-04-21,MA,517.0,517.6500244140625,503.5400085449219,509.32000732421875,507.961181640625,3345600
2025-04-22,MA,515.6199951171875,528.7999877929688,512.75,527.3300170898438,525.9231567382812,2384000
2025-04-23,MA,537.739990234375,543.9400024414062,527.6199951171875,530.010009765625,528.5960083007812,3051800
2025-04-24,MA,528.6900024414062,536.0399780273438,525.27001953125,535.4600219726562,534.0314331054688,2209100
2025-04-25,MA,535.4600219726562,536.9199829101562,529.8800048828125,533.47998046875,532.0567016601562,2006100
2025-04-28,MA,536.030029296875,537.760009765625,530.5,534.489990234375,533.0640258789062,1735400
2025-04-29,MA,534.3400268554688,540.47998046875,533.4099731445312,539.6799926757812,538.2401733398438,2041500
2025-04-01,META,570.8400268554688,589.9099731445312,570.0,586.0,585.1544799804688,12836600
2025-04-02,META,574.9099731445312,592.6599731445312,573.3599853515625,583.9299926757812,583.0874633789062,13470800
2025-04-03,META,546.219970703125,552.5599975585938,530.2999877929688,531.6199951171875,530.8529663085938,34777500
2025-04-04,META,506.6199951171875,518.0,494.20001220703125,504.7300109863281,504.00177001953125,38589800
2025-04-07,META,485.1000061035156,539.3699951171875,481.8999938964844,516.25,515.505126953125,36606100
2025-04-08,META,543.25,547.4299926757812,502.8599853515625,510.45001220703125,509.7135314941406,28034200
2025-04-09,META,509.2699890136719,587.8900146484375,502.1099853515625,585.77001953125,584.9248657226562,39216600
2025-04-10,META,575.489990234375,581.2999877929688,535.2999877929688,546.2899780273438,545.5018310546875,28173500
2025-04-11,META,535.510009765625,547.4000244140625,528.5900268554688,543.5700073242188,542.7857666015625,17642300
2025-04-14,META,556.1699829101562,557.77001953125,528.280029296875,531.47998046875,530.713134765625,14130900
2025-04-15,META,532.1099853515625,537.9400024414062,517.5,521.52001953125,520.767578125,15558700
2025-04-16,META,508.510009765625,513.3699951171875,495.6300048828125,502.30999755859375,501.58526611328125,18735100
2025-04-17,META,505.25,507.29998779296875,498.010009765625,501.4800109863281,500.7564697265625,14593500
2025-04-21,META,491.3299865722656,493.5,479.79998779296875,484.6600036621094,483.9607238769531,16166000
2025-04-22,META,491.8699951171875,506.8800048828125,486.3599853515625,500.2799987792969,499.5581970214844,17399400
2025-04-23,META,528.530029296875,535.3400268554688,516.52001953125,520.27001953125,519.5193481445312,18173900
2025-04-24,META,518.72998046875,533.9000244140625,517.5,533.1500244140625,532.3807983398438,13910000
2025-04-25,META,546.7999877929688,549.8599853515625,536.25,547.27001953125,546.4804077148438,17098900
2025-04-28,META,555.6400146484375,558.489990234375,540.5900268554688,549.739990234375,548.9468383789062,15179000
2025-04-29,META,546.0,556.5700073242188,544.1199951171875,554.4400024414062,553.6400756835938,11835000
2025-04-01,MSFT,374.6499938964844,382.8500061035156,373.2300109863281,382.19000244140625,380.8635559082031,19689500
2025-04-02,MSFT,377.9700012207031,385.0799865722656,376.6199951171875,382.1400146484375,380.813720703125,16092600
2025-04-03,MSFT,374.7900085449219,377.4800109863281,369.3500061035156,373.1099853515625,371.8150329589844,30198000
2025-04-04,MSFT,364.1300048828125,374.5899963378906,359.4800109863281,359.8399963378906,358.59112548828125,49209900
2025-04-07,MSFT,350.8800048828125,371.0,344.7900085449219,357.8599853515625,356.61798095703125,50425000
2025-04-08,MSFT,368.260009765625,373.6499938964844,350.25,354.55999755859375,353.3294372558594,35868900
2025-04-09,MSFT,353.5400085449219,393.2300109863281,353.1000061035156,390.489990234375,389.13470458984375,50199700
2025-04-10,MSFT,382.05999755859375,383.8999938964844,367.79998779296875,381.3500061035156,380.0264587402344,38024400
2025-04-11,MSFT,380.6400146484375,390.04998779296875,378.8900146484375,388.45001220703125,387.1018371582031,23839200
2025-04-14,MSFT,393.2200012207031,394.6499938964844,384.2099914550781,387.80999755859375,386.4640197753906,19251200
2025-04-15,MSFT,388.510009765625,391.8900146484375,384.1600036621094,385.7300109863281,384.3912658691406,17199900
2025-04-16,MSFT,380.6700134277344,381.6099853515625,368.0,371.6099853515625,370.32025146484375,21967800
2025-04-17,MSFT,373.75,374.32000732421875,366.8900146484375,367.7799987792969,366.5035400390625,21120200
2025-04-21,MSFT,362.82000732421875,364.4800109863281,355.6700134277344,359.1199951171875,357.87359619140625,20807300
2025-04-22,MSFT,363.3800048828125,367.7699890136719,359.8599853515625,366.82000732421875,365.5469055175781,19485000
2025-04-23,MSFT,376.05999755859375,380.3900146484375,373.0199890136719,374.3900146484375,373.0906066894531,20545500
2025-04-24,MSFT,375.70001220703125,388.45001220703125,375.19000244140625,387.29998779296875,385.9557800292969,22232300
2025-04-25,MSFT,387.0,392.1600036621094,384.6000061035156,391.8500061035156,390.4900207519531,18973200
2025-04-28,MSFT,391.9599914550781,392.739990234375,386.6400146484375,391.1600036621094,389.8023986816406,16579400
2025-04-29,MSFT,391.29998779296875,395.1000061035156,390.3800048828125,394.0400085449219,392.67242431640625,14974000
2025-04-01,NFLX,927.5,932.2899780273438,911.5,928.3800048828125,928.3800048828125,3520000
2025-04-02,NFLX,923.0,949.5499877929688,916.1099853515625,935.52001953125,935.52001953125,3256900
2025-04-03,NFLX,901.7999877929688,946.5900268554688,900.469970703125,917.0499877929688,917.0499877929688,5864600
2025-04-04,NFLX,896.5,906.6300048828125,853.8699951171875,855.8599853515625,855.8599853515625,6798800
2025-04-07,NFLX,827.8499755859375,906.739990234375,821.0999755859375,867.8300170898438,867.8300170898438,6656800
2025-04-08,NFLX,912.4400024414062,922.4199829101562,857.7000122070312,870.4000244140625,870.4000244140625,5625400
2025-04-09,NFLX,855.9299926757812,951.4299926757812,854.4000244140625,945.469970703125,945.469970703125,7498000
2025-04-10,NFLX,931.9400024414062,941.239990234375,894.0,921.1699829101562,921.1699829101562,5129800
2025-04-11,NFLX,920.0,944.8599853515625,906.6799926757812,918.2899780273438,918.2899780273438,4073600
2025-04-14,NFLX,932.7000122070312,948.97998046875,919.5,931.280029296875,931.280029296875,4035900
2025-04-15,NFLX,950.0,993.4500122070312,948.0,976.280029296875,976.280029296875,7712000
2025-04-16,NFLX,976.280029296875,981.2100219726562,949.1699829101562,961.6300048828125,961.6300048828125,6066100
2025-04-17,NFLX,969.0,984.7000122070312,956.0,973.030029296875,973.030029296875,8893700
2025-04-21,NFLX,984.4000244140625,1019.0,973.0499877929688,987.9099731445312,987.9099731445312,9775700
2025-04-22,NFLX,1005.2999877929688,1064.969970703125,1004.52001953125,1040.3399658203125,1040.3399658203125,9368900
2025-04-23,NFLX,1047.219970703125,1061.25,1032.0,1049.5899658203125,1049.5899658203125,6471900
2025-04-24,NFLX,1048.0,1101.0,1047.02001953125,1096.8699951171875,1096.8699951171875,6381900
2025-04-25,NFLX,1097.0400390625,1106.800048828125,1091.0,1101.530029296875,1101.530029296875,3950000
2025-04-28,NFLX,1100.0,1114.0,1082.6199951171875,1110.3800048828125,1110.3800048828125,3831100
2025-04-29,NFLX,1103.9200439453125,1127.81005859375,1095.47998046875,1125.6400146484375,1125.6400146484375,3777300
2025-04-01,NVDA,108.5199966430664,110.19999694824219,106.47000122070312,110.1500015258789,110.13614654541016,222614000
2025-04-02,NVDA,107.29000091552734,111.9800033569336,106.79000091552734,110.41999816894531,110.4061050415039,220601200
2025-04-03,NVDA,103.51000213623047,105.62999725341797,101.5999984741211,101.80000305175781,101.78720092773438,338769400
2025-04-04,NVDA,98.91000366210938,100.12999725341797,92.11000061035156,94.30999755859375,94.29813385009766,532273800
2025-04-07,NVDA,87.45999908447266,101.75,86.62000274658203,97.63999938964844,97.6277084350586,611041300
2025-04-08,NVDA,103.80999755859375,105.8499984741211,94.45999908447266,96.30000305175781,96.28788757324219,476243400
2025-04-09,NVDA,98.88999938964844,115.0999984741211,97.52999877929688,114.33000183105469,114.31561279296875,612918300
2025-04-10,NVDA,109.37000274658203,110.86000061035156,99.1500015258789,107.56999969482422,107.55646514892578,437812400
2025-04-11,NVDA,108.5,111.55000305175781,107.4800033569336,110.93000030517578,110.9160385131836,313417300
2025-04-14,NVDA,114.11000061035156,114.29000091552734,109.06999969482422,110.70999908447266,110.6960678100586,264705000
2025-04-15,NVDA,110.97000122070312,113.62000274658203,110.5,112.19999694824219,112.18588256835938,228966900
2025-04-16,NVDA,104.55000305175781,106.79000091552734,100.44999694824219,104.48999786376953,104.47685241699219,397016900
2025-04-17,NVDA,104.44999694824219,104.47000122070312,100.05000305175781,101.48999786376953,101.47722625732422,292517500
2025-04-21,NVDA,98.7699966430664,99.44000244140625,95.04000091552734,96.91000366210938,96.89781188964844,288501100
2025-04-22,NVDA,98.77999877929688,99.80999755859375,97.27999877929688,98.88999938964844,98.87755584716797,241004800
2025-04-23,NVDA,104.5199966430664,104.80000305175781,102.0199966430664,102.70999908447266,102.69707489013672,247526000
2025-04-24,NVDA,103.4800033569336,106.54000091552734,103.11000061035156,106.43000030517578,106.4166030883789,220815000
2025-04-25,NVDA,106.8499984741211,111.91999816894531,105.7300033569336,111.01000213623047,110.99604034423828,251064700
2025-04-28,NVDA,109.69000244140625,110.37000274658203,106.0199966430664,108.7300033569336,108.71631622314453,207708500
2025-04-29,NVDA,107.66999816894531,110.19999694824219,107.44000244140625,109.0199966430664,109.00627899169922,170444300
2025-04-01,ORCL,139.75999450683594,143.25,138.75999450683594,141.94000244140625,140.8875732421875,9518500
2025-04-02,ORCL,139.86000061035156,147.88999938964844,139.86000061035156,145.86000061035156,144.77850341796875,11594400
2025-04-03,ORCL,139.25,141.39999389648438,136.63999938964844,137.22999572753906,136.21249389648438,14433800
2025-04-04,ORCL,132.91000366210938,133.82000732421875,126.94999694824219,128.27000427246094,127.31892395019531,14986900
2025-04-07,ORCL,118.86000061035156,134.11000061035156,118.86000061035156,127.16000366210938,126.21715545654297,19482700
2025-04-08,ORCL,132.5399932861328,132.99000549316406,121.69999694824219,124.5,123.57687377929688,11950300
2025-04-09,ORCL,123.4000015258789,140.58999633789062,123.4000015258789,139.69000244140625,138.65426635742188,17762000
2025-04-10,ORCL,136.64999389648438,136.64999389648438,129.25999450683594,133.35000610351562,132.8367462158203,12401600
2025-04-11,ORCL,132.11000061035156,133.0,128.83999633789062,132.35000610351562,131.840576171875,10190200
2025-04-14,ORCL,136.8000030517578,136.8000030517578,132.8699951171875,134.63999938964844,134.12176513671875,8217700
2025-04-15,ORCL,134.75999450683594,136.47999572753906,133.72000122070312,133.94000244140625,133.42446899414062,8630000
2025-04-16,ORCL,132.27999877929688,132.5399932861328,127.8499984741211,129.75999450683594,129.2605438232422,8295200
2025-04-17,ORCL,130.89999389648438,131.3000030517578,128.44000244140625,128.6199951171875,128.12493896484375,8925500
2025-04-21,ORCL,126.88999938964844,127.19999694824219,121.23999786376953,122.81999969482422,122.34725952148438,12201200
2025-04-22,ORCL,124.5,127.98999786376953,123.38999938964844,127.23999786376953,126.750244140625,11233700
2025-04-23,ORCL,134.91000366210938,135.8699951171875,130.99000549316406,131.39999389648438,130.89422607421875,9528900
2025-04-24,ORCL,132.50999450683594,137.86000061035156,132.0,137.50999450683594,136.980712890625,7305900
2025-04-25,ORCL,137.49000549316406,139.0,136.75999450683594,138.49000549316406,137.9569549560547,5476400
2025-04-28,ORCL,139.64999389648438,140.6699981689453,138.0800018310547,140.13999938964844,139.60060119628906,6985100
2025-04-29,ORCL,139.80999755859375,141.16000366210938,139.5500030517578,140.7899932861328,140.2480926513672,4851500
2025-04-01,PG,170.57000732421875,171.0500030517578,169.05999755859375,170.55999755859375,167.1830291748047,7021100
2025-04-02,PG,170.07000732421875,170.8800048828125,168.30999755859375,169.5,166.14401245117188,6274500
2025-04-03,PG,174.22999572753906,174.8000030517578,170.72999572753906,172.38999938964844,168.97679138183594,9393300
2025-04-04,PG,171.77000427246094,173.60000610351562,163.47000122070312,163.75,160.5078582763672,13454200
2025-04-07,PG,163.66000366210938,164.6999969482422,159.19000244140625,160.22999572753906,157.0575408935547,15708000
2025-04-08,PG,162.30999755859375,163.27999877929688,156.7100067138672,158.38999938964844,155.2539825439453,11541100
2025-04-09,PG,157.36000061035156,164.67999267578125,156.69000244140625,162.32000732421875,159.10618591308594,10670200
2025-04-10,PG,162.89999389648438,165.07000732421875,160.75,163.55999755859375,160.32162475585938,10581600
2025-04-11,PG,163.3699951171875,168.02000427246094,162.6199951171875,166.91000366210938,163.6053009033203,8602800
2025-04-14,PG,167.0399932861328,170.11000061035156,165.77999877929688,169.1300048828125,165.78135681152344,9877300
2025-04-15,PG,169.13999938964844,170.16000366210938,168.27999877929688,168.47000122070312,165.13441467285156,8765000
2025-04-16,PG,169.2899932861328,169.67999267578125,165.7899932861328,166.38999938964844,163.09559631347656,5897500
2025-04-17,PG,167.52999877929688,171.64999389648438,167.35000610351562,170.6300048828125,167.25164794921875,7227100
2025-04-21,PG,169.88999938964844,169.9499969482422,164.27999877929688,165.75,163.48098754882812,8062400
2025-04-22,PG,165.86000061035156,168.77000427246094,164.5399932861328,167.8800048828125,165.5818328857422,7907400
2025-04-23,PG,166.39999389648438,166.61000061035156,163.11000061035156,165.72999572753906,163.46124267578125,9309200
2025-04-24,PG,160.5,160.9600067138672,156.5800018310547,159.52999877929688,157.34613037109375,20077700
2025-04-25,PG,159.8800048828125,161.8000030517578,157.77000427246094,161.02000427246094,158.81573486328125,12892800
2025-04-28,PG,161.0399932861328,162.55999755859375,160.38999938964844,161.85000610351562,159.63438415527344,8127000
2025-04-29,PG,161.2899932861328,162.38999938964844,159.1999969482422,162.25999450683594,160.03875732421875,8266200
2025-04-01,PLTR,83.88999938964844,85.27999877929688,81.81999969482422,84.68000030517578,84.68000030517578,78980700
2025-04-02,PLTR,82.4000015258789,88.40499877929688,82.30000305175781,87.44999694824219,87.44999694824219,96563100
2025-04-03,PLTR,81.25,85.68000030517578,81.01000213623047,83.5999984741211,83.5999984741211,93878200
2025-04-04,PLTR,80.06999969482422,80.9800033569336,71.93000030517578,74.01000213623047,74.01000213623047,147323200
2025-04-07,PLTR,66.6500015258789,81.80000305175781,66.12000274658203,77.83999633789062,77.83999633789062,169083700
2025-04-08,PLTR,83.29000091552734,86.11399841308594,75.22000122070312,77.31999969482422,77.31999969482422,135345600
2025-04-09,PLTR,78.19000244140625,93.33000183105469,77.2699966430664,92.01000213623047,92.01000213623047,187244300
2025-04-10,PLTR,88.4000015258789,90.77999877929688,84.13999938964844,88.58999633789062,88.58999633789062,124448200
2025-04-11,PLTR,87.9800033569336,89.55000305175781,85.47000122070312,88.55000305175781,88.55000305175781,95130700
2025-04-14,PLTR,95.80000305175781,97.33000183105469,91.45999908447266,92.62000274658203,92.62000274658203,122836900
2025-04-15,PLTR,93.52999877929688,98.98999786376953,93.05000305175781,98.4000015258789,98.4000015258789,118457700
2025-04-16,PLTR,96.27999877929688,97.30000305175781,89.62000274658203,92.70999908447266,92.70999908447266,121997600
2025-04-17,PLTR,94.70999908447266,95.11000061035156,92.2699966430664,93.77999877929688,93.77999877929688,83991800
2025-04-21,PLTR,92.83999633789062,96.4749984741211,89.30999755859375,90.80000305175781,90.80000305175781,83831100
2025-04-22,PLTR,93.01499938964844,96.33999633789062,91.3499984741211,93.98999786376953,93.98999786376953,91185400
2025-04-23,PLTR,98.86000061035156,103.76000213623047,97.83000183105469,100.81999969482422,100.81999969482422,112909500
2025-04-24,PLTR,101.52999877929688,108.0,100.91000366210938,107.77999877929688,107.77999877929688,103190700
2025-04-25,PLTR,108.05000305175781,112.87999725341797,106.55000305175781,112.77999877929688,112.77999877929688,103933800
2025-04-28,PLTR,113.77999877929688,114.86000061035156,108.87000274658203,114.6500015258789,114.6500015258789,111082900
2025-04-29,PLTR,113.9800033569336,117.2300033569336,113.23999786376953,116.08000183105469,116.08000183105469,79709000
2025-04-01,TSLA,263.79998779296875,277.45001220703125,259.25,268.4599914550781,268.4599914550781,146486900
2025-04-02,TSLA,254.60000610351562,284.989990234375,251.27000427246094,282.760009765625,282.760009765625,212787800
2025-04-03,TSLA,265.2900085449219,276.29998779296875,261.510009765625,267.2799987792969,267.2799987792969,136174300
2025-04-04,TSLA,255.3800048828125,261.0,236.0,239.42999267578125,239.42999267578125,181229400
2025-04-07,TSLA,223.77999877929688,252.0,214.25,233.2899932861328,233.2899932861328,183453800
2025-04-08,TSLA,245.0,250.44000244140625,217.8000030517578,221.86000061035156,221.86000061035156,171603500
2025-04-09,TSLA,224.69000244140625,274.69000244140625,223.8800048828125,272.20001220703125,272.20001220703125,219433400
2025-04-10,TSLA,260.0,262.489990234375,239.3300018310547,252.39999389648438,252.39999389648438,181722600
2025-04-11,TSLA,251.83999633789062,257.739990234375,241.36000061035156,252.30999755859375,252.30999755859375,128948100
2025-04-14,TSLA,258.3599853515625,261.79998779296875,245.92999267578125,252.35000610351562,252.35000610351562,100135200
2025-04-15,TSLA,249.91000366210938,258.75,247.5399932861328,254.11000061035156,254.11000061035156,79594300
2025-04-16,TSLA,247.61000061035156,251.97000122070312,233.88999938964844,241.5500030517578,241.5500030517578,112378700
2025-04-17,TSLA,243.47000122070312,244.33999633789062,237.67999267578125,241.3699951171875,241.3699951171875,83404800
2025-04-21,TSLA,230.25999450683594,232.2100067138672,222.7899932861328,227.5,227.5,97768000
2025-04-22,TSLA,230.9600067138672,242.7899932861328,229.85000610351562,237.97000122070312,237.97000122070312,120858500
2025-04-23,TSLA,254.86000061035156,259.45001220703125,244.42999267578125,250.74000549316406,250.74000549316406,150381900
2025-04-24,TSLA,250.5,259.5400085449219,249.1999969482422,259.510009765625,259.510009765625,94464200
2025-04-25,TSLA,261.69000244140625,286.8500061035156,259.6300048828125,284.95001220703125,284.95001220703125,167560700
2025-04-28,TSLA,288.9800109863281,294.8599853515625,272.4200134277344,285.8800048828125,285.8800048828125,151731800
2025-04-29,TSLA,285.5,293.32000732421875,279.4700012207031,292.0299987792969,292.0299987792969,108906600
2025-04-01,UNH,525.739990234375,528.1699829101562,520.9500122070312,523.1199951171875,516.1761474609375,2962500
2025-04-02,UNH,522.9500122070312,525.0,516.7999877929688,523.2000122070312,516.2550659179688,2378900
2025-04-03,UNH,529.989990234375,548.5,529.2899780273438,540.4400024414062,533.2662353515625,6457900
2025-04-04,UNH,540.6400146484375,551.739990234375,524.8400268554688,525.0499877929688,518.0805053710938,9919000
2025-04-07,UNH,513.4000244140625,529.2000122070312,503.5899963378906,524.7000122070312,517.7351684570312,7356700
2025-04-08,UNH,582.1699829101562,585.010009765625,547.4600219726562,553.0800170898438,545.7384643554688,11762300
2025-04-09,UNH,560.1400146484375,589.4000244140625,554.4600219726562,578.5,570.821044921875,12691900
2025-04-10,UNH,580.239990234375,601.8800048828125,580.0,594.4000244140625,586.5099487304688,8646000
2025-04-11,UNH,588.9199829101562,606.3599853515625,586.530029296875,599.469970703125,591.5126342773438,6121500
2025-04-14,UNH,595.0,595.6300048828125,579.2899780273438,587.0599975585938,579.2673950195312,4839300
2025-04-15,UNH,592.239990234375,592.8599853515625,582.010009765625,583.5900268554688,575.843505859375,3871300
2025-04-16,UNH,585.3200073242188,594.8099975585938,582.9600219726562,585.0399780273438,577.274169921875,4192100
2025-04-17,UNH,481.95001220703125,489.7900085449219,447.1000061035156,454.1099853515625,448.0821533203125,29120200
2025-04-21,UNH,449.760009765625,453.5,424.80999755859375,425.3299865722656,419.6842041015625,13029900
2025-04-22,UNH,424.6400146484375,431.5,417.1199951171875,427.17999267578125,421.5096130371094,10156900
2025-04-23,UNH,427.07000732421875,438.8500061035156,423.75,427.9599914550781,422.2792663574219,8345700
2025-04-24,UNH,427.57000732421875,429.8999938964844,423.6499938964844,424.25,418.6185302734375,7629100
2025-04-25,UNH,423.55999755859375,423.55999755859375,412.0199890136719,418.6400146484375,413.0830078125,9263800
2025-04-28,UNH,419.75,424.1199951171875,415.54998779296875,420.0,414.4249572753906,6614300
2025-04-29,UNH,421.19000244140625,421.75,409.1000061035156,409.2300109863281,403.79791259765625,9909100
2025-04-01,V,350.44000244140625,350.45001220703125,342.57000732421875,346.3500061035156,345.16839599609375,7473300
2025-04-02,V,343.44000244140625,348.20001220703125,343.04998779296875,346.3299865722656,345.1484375,5682500
2025-04-03,V,333.8999938964844,344.739990234375,331.0,339.3900146484375,338.2321472167969,8792900
2025-04-04,V,330.0,334.6499938964844,312.1199951171875,313.1300048828125,312.0617370605469,13201700
2025-04-07,V,302.07000732421875,322.17999267578125,299.0,312.32000732421875,311.2544860839844,12163400
2025-04-08,V,322.239990234375,326.2799987792969,303.92999267578125,308.2699890136719,307.2182922363281,9569300
2025-04-09,V,305.6400146484375,334.0299987792969,305.6400146484375,332.42999267578125,331.2958679199219,11361800
2025-04-10,V,328.0199890136719,330.1600036621094,313.2699890136719,324.6099853515625,323.5025634765625,8709800
2025-04-11,V,324.42999267578125,336.9800109863281,322.5400085449219,333.3999938964844,332.2625732421875,6804500
2025-04-14,V,336.4100036621094,339.6099853515625,333.1400146484375,335.17999267578125,334.0364990234375,5011800
2025-04-15,V,336.7200012207031,339.3900146484375,335.0,335.80999755859375,334.6643371582031,4386200
2025-04-16,V,335.0,337.2200012207031,328.8599853515625,331.3299865722656,330.1996154785156,5850600
2025-04-17,V,331.07000732421875,334.32000732421875,328.44000244140625,329.6099853515625,328.4855041503906,5655900
2025-04-21,V,329.0,329.1499938964844,316.6499938964844,320.1000061035156,319.0079345703125,6362300
2025-04-22,V,323.8599853515625,332.55999755859375,322.3900146484375,331.3999938964844,330.2694091796875,5435500
2025-04-23,V,337.239990234375,341.25,333.20001220703125,334.3699951171875,333.2292785644531,8906000
2025-04-24,V,333.2799987792969,336.7699890136719,331.25,335.7099914550781,334.564697265625,8055200
2025-04-25,V,334.760009765625,336.3699951171875,332.1700134277344,335.1700134277344,334.02655029296875,4452800
2025-04-28,V,336.7799987792969,339.3399963378906,335.0199890136719,337.510009765625,336.3585510253906,5422900
2025-04-29,V,338.5,342.2699890136719,336.4599914550781,341.5199890136719,340.3548583984375,5519500
2025-04-01,WMT,87.54000091552734,89.11000061035156,87.37000274658203,88.83000183105469,88.40925598144531,22080300
2025-04-02,WMT,88.19999694824219,90.1500015258789,88.12000274658203,89.76000213623047,89.33484649658203,19384100
2025-04-03,WMT,86.27999877929688,89.87999725341797,86.27999877929688,87.26000213623047,86.84669494628906,33012900
2025-04-04,WMT,85.63999938964844,87.38999938964844,82.6500015258789,83.19000244140625,82.79596710205078,36209000
2025-04-07,WMT,80.23999786376953,86.26000213623047,79.80999755859375,83.83000183105469,83.43293762207031,36884900
2025-04-08,WMT,85.8499984741211,86.97000122070312,81.02999877929688,81.79000091552734,81.40260314941406,34351700
2025-04-09,WMT,83.33000183105469,90.80000305175781,83.0199966430664,89.5999984741211,89.17560577392578,46632800
2025-04-10,WMT,88.7300033569336,91.87000274658203,88.16000366210938,90.61000061035156,90.18081665039062,34735300
2025-04-11,WMT,90.68000030517578,93.3499984741211,90.01000213623047,92.80000305175781,92.3604507446289,25508100
2025-04-14,WMT,93.2699966430664,95.44000244140625,92.9000015258789,94.7300033569336,94.28131103515625,27742900
2025-04-15,WMT,94.81999969482422,96.02999877929688,93.87000274658203,93.97000122070312,93.52490997314453,21871200
2025-04-16,WMT,94.0,94.30000305175781,90.61000061035156,91.19000244140625,90.7580795288086,22229100
2025-04-17,WMT,91.83000183105469,93.87000274658203,91.62000274658203,93.22000122070312,92.77845764160156,21393900
2025-04-21,WMT,93.0199966430664,94.08000183105469,91.33999633789062,92.41000366210938,91.97229766845703,18361200
2025-04-22,WMT,92.87999725341797,95.29000091552734,92.87999725341797,94.8499984741211,94.40074157714844,15407800
2025-04-23,WMT,95.0199966430664,96.5999984741211,94.16000366210938,94.95999908447266,94.51021575927734,18046900
2025-04-24,WMT,94.70999908447266,96.22000122070312,93.66000366210938,95.83999633789062,95.38604736328125,13444500
2025-04-25,WMT,95.80000305175781,96.47000122070312,94.36000061035156,95.08999633789062,94.63959503173828,15317200
2025-04-28,WMT,95.0999984741211,96.0,94.33999633789062,95.22000122070312,94.76898956298828,12950000
2025-04-29,WMT,94.83999633789062,96.18000030517578,94.41999816894531,96.04000091552734,95.5851058959961,12679000
2025-04-01,XOM,119.22000122070312,119.27999877929688,117.93000030517578,119.04000091552734,116.86614227294922,12425400
2025-04-02,XOM,118.38999938964844,118.83999633789062,117.66000366210938,118.66999816894531,116.50289154052734,12614600
2025-04-03,XOM,114.37000274658203,115.44999694824219,112.2300033569336,112.43000030517578,110.3768539428711,21204600
2025-04-04,XOM,109.87000274658203,110.83000183105469,103.83000183105469,104.33999633789062,102.43458557128906,30841300
2025-04-07,XOM,100.38999938964844,105.80000305175781,98.45999908447266,102.94000244140625,101.06015014648438,35068500
2025-04-08,XOM,105.45999908447266,105.5999984741211,99.01000213623047,100.7699966430664,98.92977905273438,27147800
2025-04-09,XOM,99.37000274658203,106.58000183105469,98.12999725341797,105.80000305175781,103.86792755126953,30063300
2025-04-10,XOM,103.70999908447266,103.77999877929688,97.80000305175781,99.93000030517578,98.1051254272461,33999300
2025-04-11,XOM,100.30000305175781,103.93000030517578,98.79000091552734,103.13999938964844,101.25650024414062,22884600
2025-04-14,XOM,105.02999877929688,105.08999633789062,102.72000122070312,103.38999938964844,101.50193786621094,18020000
2025-04-15,XOM,103.63999938964844,105.41000366210938,103.0,103.0999984741211,101.21723175048828,13164900
2025-04-16,XOM,103.94999694824219,105.58999633789062,103.69999694824219,104.19000244140625,102.2873306274414,13607000
2025-04-17,XOM,104.69000244140625,108.55000305175781,104.45999908447266,106.91999816894531,104.96746826171875,17916500
2025-04-21,XOM,105.61000061035156,105.62999725341797,104.12000274658203,105.3499984741211,103.42613983154297,16926500
2025-04-22,XOM,106.13999938964844,108.94000244140625,106.13999938964844,108.30000305175781,106.32227325439453,13147000
2025-04-23,XOM,108.80999755859375,109.30000305175781,106.47000122070312,107.37000274658203,105.40925598144531,14235700
2025-04-24,XOM,107.97000122070312,108.87999725341797,106.95999908447266,108.62999725341797,106.646240234375,9849600
2025-04-25,XOM,108.13999938964844,108.76000213623047,107.41999816894531,108.56999969482422,106.58734130859375,11245800
2025-04-28,XOM,108.75,109.25,107.68000030517578,108.62999725341797,106.646240234375,13890900
2025-04-29,XOM,107.73999786376953,108.83000183105469,107.5199966430664,108.36000061035156,106.38117980957031,9483100
